{"estimate": -9.67800982374107, "episodes": 9999, "_timestamp": 1687710307.5446758, "_runtime": 189.81528973579407, "_step": 9999, "_wandb": {"runtime": 193}}